7975;Givskud;1150.37;true;03.06.2021;630
8364;Budolfi;706.76;true;30.05.2021;851
8366;Vor Frelsers;689.97;true;24.05.2021;851
8368;Vor Frue;459.61;true;04.06.2021;851
9310;Høsterkøb;347.44;true;29.05.2021;230
8284;Fovlum;1530.61;false;;820
8778;Faster;1465.61;false;;760
7985;Lindeballe;1414.14;false;;630
7593;Vigsnæs;1408.45;false;;376
7978;Vester;1392.76;false;;630
8643;Kåstrup;1162.79;false;;787
7982;Ringive;1020.41;false;;630
8415;Em;1005.03;false;;860
8234;Karlby;1000;false;;707
8144;Rud;955.41;false;;710
8810;Skarrild;881.83;false;;657
8241;Kastbjerg;803.21;false;;707
8832;Sahl;765.31;false;;661
8148;Hadbjerg;754.01;false;;710
7517;Rislev;740.74;false;;370
7538;Vollerslev;722.02;false;;259
8155;Spentrup;675.42;false;;730
8158;Kærby;653.59;false;;730
7984;Gadbjerg;648.41;false;;630
7854;Nørre Højrup;636.94;false;;480
7955;Hornum;632.91;false;;766
8764;Gammel;609.76;false;;760
7512;Vester Egede;600.6;false;;320
7205;Kirke Skensved;589.97;false;;269
8645;Hunstrup;588.24;false;;787
8194;Sødring;576.37;false;;730
8357;Store Ajstrup;574.71;false;;851
7336;Kvislemark;571.43;false;;370
7357;Lundforlund;564.97;false;;330
8897;Åstrup;545.17;false;;575
7375;Øde Førslev;531.91;false;;320
8042;Kattrup;526.32;false;;615
8332;Ellidshøj;518.81;false;;851
7193;Dragør;498.08;false;;155
8262;Voer;490.2;false;;707
8541;Rybjerg;490.2;false;;779
8365;Ansgars;489.49;false;;851
9221;Øster Hjermitslev;475.06;false;;810
7816;Vedtofte;467.29;false;;420
7628;Vestenskov;465.12;false;;360
8288;Vognsild;450.96;false;;820
8741;Staby;447.76;false;;661
8075;Sjelle;426.44;false;;746
9097;Gellerup;417.92;false;;751
7312;Skørpinge;413.22;false;;330
8674;Sønder Dråby;406.5;false;;773
7503;Mogenstrup;404.45;false;;370
8389;Dall;400.32;false;;851
8254;Agri;393.7;false;;706
8187;Tvede;373.13;false;;730
7634;Landet;369;false;;360
8379;Aaby;367.99;false;;849
8181;Sankt Mortens;367.91;false;;730
8046;Lundum;366.3;false;;615
8337;Aarestrup;361.66;false;;840
7199;Tune;357.27;false;;253
7068;Brønshøj;355.57;false;;101
9288;Gludsted;352.73;false;;756
8040;Tåning;350.88;false;;746
8359;Kornum;350.88;false;;820
8184;Dronningborg;346.62;false;;730
7834;Balslev;344.83;false;;410
7333;Vallensved;343.64;false;;370
9283;Farre;343.05;false;;630
9226;Østervrå;341.69;false;;813
7506;Hammer;341.3;false;;370
8890;Hjortlund;340.14;false;;561
8369;Sankt Markus;336.73;false;;851
7405;Strø;331.13;false;;219
8156;Gassum;329.67;false;;730
8899;Darum;328.14;false;;561
7395;Ramløse;326.9;false;;270
9237;Rørdal;310.56;false;;851
8444;Hørby;309.6;false;;813
8383;Horsens;305.11;false;;851
8542;Hjerk;301.2;false;;779
7128;Gammel Holte;299.07;false;;230
8139;Laurbjerg;298.21;false;;710
8387;Hals;296.82;false;;851
9285;Langelund;295.86;false;;630
7981;Filskov;295.28;false;;530
9275;Væggerskilde;294.99;false;;760
8274;Gundersted;291.55;false;;820
7848;Krogsbølle;290.7;false;;480
8633;Sønder Vinge;290.7;false;;710
7420;Snostrup;290.14;false;;250
8775;Bølling;289.86;false;;760
7416;Nørre Herlev;288.54;false;;219
9213;Grathe;287.36;false;;740
8114;Aarhus Domsogn;285.64;false;;751
8640;Kvorning;284.09;false;;791
8209;Gimming;283.29;false;;730
7206;Køge;281.29;false;;259
7462;Næsby;280.9;false;;370
8316;Hørby;279.33;false;;846
8326;Sejlflod;279.33;false;;851
8476;Frederikshavn;278.45;false;;813
8396;Øster Svenstrup;277.78;false;;849
8323;Lillevorde;274.73;false;;851
7311;Flakkebjerg;274.35;false;;330
8535;Finderup;273.97;false;;791
9041;Abild;272.73;false;;550
8082;Framlev;271.81;false;;751
8406;Børglum;271.37;false;;860
8517;Vesterbølle;271;false;;820
8296;Store Brøndum;267.38;false;;840
8136;Ølst;265.96;false;;730
7189;Skovlunde;263.49;false;;151
8281;Strandby;263.16;false;;820
7024;Valby;262.47;false;;101
7317;Hårslev;261.44;false;;370
8432;Hørmested;260.76;false;;860
8489;Vejerslev;258.4;false;;710
9083;Hedehusene;257.87;false;;169
7396;Annisse;257.62;false;;270
8146;Vorup;252.94;false;;730
7820;Dreslette;251.89;false;;420
8577;Oddense;250.63;false;;779
8327;Nibe;250.31;false;;851
9080;Rungsted;249.14;false;;223
7106;Sankt Thomas;248.11;false;;147
7057;Hyltebjerg;248.02;false;;101
9076;Skalborg;247.02;false;;851
8435;Flade;242.13;false;;813
9090;Helligånds;241.68;false;;751
7519;Glumsø;241.55;false;;370
7457;Vellerup;240.38;false;;250
8076;Skjørring;239.81;false;;746
8515;Tånum;239.81;false;;730
8115;Vor Frue;239.67;false;;751
7080;Islands Brygges;239.03;false;;101
7410;Stenløse;238.66;false;;240
8479;Bangsbostrand;237.64;false;;813
8077;Skivholme;237.34;false;;746
7361;Hemmeshøj;236.97;false;;330
8927;Holsted;236.41;false;;575
8183;Sankt Clemens;235.16;false;;730
7723;Gudbjerg;234.19;false;;479
7368;Valsølille;233.1;false;;329
8333;Svenstrup;232.27;false;;851
8507;Fly;232.02;false;;791
7983;Give;229.49;false;;630
7063;Tagensbo;229.41;false;;101
7191;Kastrup;229.15;false;;185
9078;Sankt Andreas;226.8;false;;730
7699;Vester Skerninge;226.59;false;;479
8580;Hvidbjerg;225.73;false;;779
7139;Islev;225.43;false;;175
7253;Værslev;225.23;false;;326
7067;Husum;224.91;false;;101
8375;Nørresundby;221.43;false;;851
8117;Møllevang;220.94;false;;751
8500;Stoholm;220.1;false;;791
8013;Adslev;219.78;false;;746
7907;Kollerup;219.3;false;;630
8065;Fårup;219.06;false;;751
7109;Sankt Markus;218.97;false;;147
9085;Egeris;216.54;false;;779
8315;Øls;216.45;false;;846
7532;Ulse;215.98;false;;320
8459;Sindal;214.4;false;;860
8520;Fjelsø;214.13;false;;820
8469;Vennebjerg;213.68;false;;860
8411;Tise;213.45;false;;810
8135;Haslund;212.92;false;;730
7011;Bethlehem;212.69;false;;101
7216;Ejby;211.92;false;;259
7393;Vejby;208.84;false;;270
7434;Helsinge;207.72;false;;270
7464;Sandby;207.04;false;;370
9168;Iglsø;206.19;false;;791
9162;Holsted;205.45;false;;370
8414;Vrå;205.34;false;;860
9110;Margrethe;204.2;false;;851
8170;Lyngby;203.94;false;;707
9282;Uhre;203.67;false;;756
7153;Tåstrup Nykirke;203.47;false;;169
7066;Lundehus;201.29;false;;101
7164;Gevninge;201.11;false;;350
8176;Feldballe;200.8;false;;706
7145;Brøndbyøster;200.66;false;;153
7058;Vanløse;200.64;false;;101
7107;Mariendals;199.13;false;;147
8211;Harridslev;198.54;false;;730
7116;Skovshoved;197.73;false;;157
7062;Kapernaums;197.65;false;;101
7136;Præstebro;197.57;false;;163
9185;Vesterbro;197.44;false;;101
7157;Roskilde Søndre;197.39;false;;265
8931;Vejen;196.89;false;;575
8475;Rakkeby;196.85;false;;860
8376;Hvorup;196.36;false;;851
9088;Ellevang;195.9;false;;751
8457;Ugilt;195.31;false;;860
8109;Beder;195.1;false;;751
8325;Storvorde;194.62;false;;851
7402;Alsønderup;194.55;false;;219
9292;Vipperød;194.09;false;;316
9145;Kokkedal;192.85;false;;223
8938;Gesten;192.18;false;;575
9169;Simeon-Sankt Johannes;191.24;false;;101
8448;Voer;190.66;false;;810
7086;Filips;190.35;false;;101
8079;Borum;189.39;false;;751
8373;Hans Egedes;189.32;false;;851
7406;Gørløse;187.85;false;;219
8120;Sankt Johannes;187.65;false;;751
7791;Stenløse;187.47;false;;461
8381;Sulsted;186.1;false;;851
7138;Grøndalslund;185.64;false;;175
7102;Sankt Lukas;184.87;false;;147
7051;Sankt Stefans;184.46;false;;101
7349;Tårnborg;183.96;false;;330
7137;Rødovre;183.94;false;;175
7050;Anna;183.56;false;;101
7210;Gadstrup;182.65;false;;265
9190;Valby Søndre;182.49;false;;101
8472;Jelstrup;181.49;false;;860
8371;Nørre Tranders;180.42;false;;851
8122;Åby;180.06;false;;751
7085;Allehelgens;179.79;false;;101
7448;Bistrup;179.65;false;;230
7134;Mørkhøj;179.6;false;;159
7133;Stengård;179.15;false;;159
9225;Hou;178.41;false;;851
9096;Ravnsbjerg;177.9;false;;751
8330;Frejlev;177.67;false;;851
8083;Storring;177.62;false;;746
7043;Rosenvænget;177.36;false;;101
7209;Glim;177.15;false;;350
8224;Lime;176.68;false;;706
8068;Spørring;175.75;false;;751
7081;Christians;175.68;false;;101
7038;Frederiks;174.57;false;;101
7036;Holmens;174.46;false;;101
8384;Hammer;173.91;false;;851
7379;Haslev;172.53;false;;320
7233;Havrebjerg;171.82;false;;330
9253;Ravnebjerg;171.82;false;;461
7151;Ishøj;171.24;false;;183
7201;Karlstrup;171.12;false;;269
7039;Sankt Pauls;170.61;false;;101
7084;Sundby;170.31;false;;101
8374;Hasseris;170.3;false;;851
9181;Frederiksberg;169.86;false;;147
8130;Tilst;169.28;false;;751
8430;Elling;168.67;false;;813
7496;Holtug;168.35;false;;336
7965;Ølsted;166.94;false;;766
8480;Skagen;165.5;false;;813
8064;Lading;164.88;false;;710
8401;Vedsted;164.88;false;;849
9136;Vodskov;164.71;false;;851
8367;Vesterkær;164.52;false;;851
7053;Kingo-Samuel;164.12;false;;101
7867;Søndersø;162.82;false;;480
8069;Søften;162.76;false;;710
7294;Hagested;162.47;false;;316
8182;Sankt Peders;161.55;false;;730
9108;Mosede;161.29;false;;253
8277;Skivum;160.77;false;;820
7082;Vor Frelsers;160.15;false;;101
8235;Voldby;160;false;;707
8536;Ravnstrup;159.24;false;;791
7394;Tibirke;159.15;false;;270
8218;Auning;159.13;false;;707
7041;Kastels;158.87;false;;101
8630;Grensten;158.54;false;;730
7040;Østervold;158.48;false;;101
8119;Langenæs;158.41;false;;751
8377;Lindholm;158.4;false;;851
7105;Flintholm;158.23;false;;147
7163;Herslev;157.73;false;;350
7458;Skuldelev;157.11;false;;250
7910;Vejlby;157.07;false;;607
7214;Borup;156.58;false;;259
7169;Jyllinge;156.46;false;;265
7155;Herstedvester;156.39;false;;165
7056;Sions;155.99;false;;101
9155;Engholm;155.91;false;;201
7046;Hans Egedes;155.86;false;;101
8693;Lødderup;155.52;false;;773
8342;Bislev;155.28;false;;851
7847;Næsby;155.11;false;;461
8753;No;154.8;false;;760
8243;Bregnet;154.74;false;;706
7260;Odden;153.85;false;;306
8370;Sønder Tranders;153.8;false;;851
7423;Græse;153.73;false;;250
7872;Revninge;153.61;false;;440
7061;Ansgarkirkens;153.37;false;;101
8813;Holstebro;152.74;false;;661
7467;Ullerød;152.74;false;;219
7392;Blistrup;152.71;false;;270
9196;Blåvandshuk;151.75;false;;573
7280;Sønder Jernløse;151.06;false;;316
9144;Nørrevang;149.44;false;;330
7104;Lindevang;149.38;false;;147
7087;Sundkirkens;149.2;false;;101
7266;Asnæs;148.7;false;;306
7064;Bispebjerg;148.34;false;;101
7055;Kildevælds;148.31;false;;101
7130;Gladsaxe;148.3;false;;159
9182;Bellahøj-Utterslev;148.21;false;;101
7126;Vedbæk;148.11;false;;230
7103;Solbjerg;147.99;false;;147
9099;Kvaglund;147.89;false;;561
7002;Helligånds;147.82;false;;101
9165;Sydhavn;147.62;false;;101
8549;Rødding;147.38;false;;779
8118;Sankt Pauls;147.23;false;;751
7258;Nykøbing Sj;146.99;false;;306
8282;Farsø;146.66;false;;820
7811;Kerte;146.63;false;;420
7132;Bagsværd;145.71;false;;159
7211;Syv;145.49;false;;265
8100;Viby;144.72;false;;751
7947;Taps;144.51;false;;621
7060;Grøndals;143.49;false;;101
8268;Nørager;143.47;false;;707
8177;Nødager;143.27;false;;706
7118;Maglegårds;143.13;false;;157
7172;Allerslev;142.76;false;;350
7422;Uvelse;142.65;false;;219
8574;Hem;142.05;false;;779
7114;Dyssegård;142.03;false;;157
7217;Nørre Dalby;141.91;false;;259
9074;Lindehøj;141.74;false;;163
7830;Fjelsted;141.44;false;;410
9098;Sthens;141.38;false;;217
7917;Vinding;140.29;false;;630
8213;Kristrup;139.5;false;;730
7289;Ugerløse;139.37;false;;316
7941;Dalby;138.47;false;;621
7089;Simon Peters;138.37;false;;101
8380;Biersted;137.25;false;;849
7897;Øster Snede;137.17;false;;766
7987;Randbøl;136.61;false;;630
8101;Fredens;136.28;false;;751
9160;Antvorskov;135.55;false;;330
7440;Tikøb;135.36;false;;217
7719;Oure;135.32;false;;479
8490;Aidt;135.32;false;;710
8997;Lysabild;135.32;false;;540
7790;Bellinge;135.29;false;;461
8452;Aså;135.23;false;;810
8791;Fredens;135.05;false;;657
8121;Christians;134.62;false;;751
7156;Roskilde Domsogn;133.55;false;;265
7548;Store Heddinge;133.42;false;;336
8893;Farup;133.33;false;;561
9157;Gistrup;133.19;false;;851
7167;Ågerup;133.1;false;;265
8034;Tulstrup;132.8;false;;746
9134;Opstandelseskirkens;132.36;false;;165
7083;Nathanaels;132.16;false;;101
9191;Vive-Hadsund;131.73;false;;846
9154;Grønnevang;131.32;false;;219
7190;Tårnby;130.8;false;;185
7782;Fredens;130.8;false;;461
7384;Pedersborg;130.51;false;;340
8529;Roum;130.38;false;;791
8215;Essenbæk;130.14;false;;730
8310;Valsgaard;129.79;false;;846
8404;Vrejlev;129.7;false;;860
7192;Store Magleby;129.49;false;;155
8613;Viborg Domsogn;129.35;false;;791
9105;Karlslunde Strandsogn;129.13;false;;253
8806;Studsgård;128.53;false;;657
7267;Fårevejle;128.44;false;;306
8044;Ørridslev;127.92;false;;615
8425;Hune;127.88;false;;849
7979;Sønder Omme;127.55;false;;530
8012;Hørning;126.39;false;;746
7436;Frederiksborg Slotssogn;126.18;false;;219
8318;Gunderup;126.02;false;;851
7124;Taarbæk;125.71;false;;173
9070;Halskov;125.19;false;;330
8919;Vester Nebel;125.16;false;;561
8491;Thorsø;124.84;false;;710
8569;Vammen;124.53;false;;791
9161;Blågårdens;124.36;false;;101
7026;Timotheus;124;false;;101
7898;Grejs;123.76;false;;630
8728;Hundborg;123.76;false;;787
7028;Aalholm;123.56;false;;101
7213;Dåstrup;122.85;false;;265
7059;Advents;122.16;false;;101
8920;Alslev;121.73;false;;573
7497;Strøby;121.55;false;;336
8441;Understed;121.51;false;;813
7417;Præstevang;121.42;false;;219
8451;Dronninglund;120.92;false;;810
8482;Tversted;120.48;false;;860
8945;Hejnsvig;120.48;false;;530
8054;Tamdrup;120.34;false;;615
9084;Brøndby Strand;120.27;false;;153
7037;Garnisons;120.26;false;;101
7304;Karrebæk;120;false;;370
7431;Gilleleje;119.56;false;;270
8930;Folding;119.12;false;;575
9202;Vinderup;118.87;false;;661
7070;Husumvold;118.52;false;;101
8125;Hasle;117.99;false;;751
9197;Øster Hassing-Gåser;117.42;false;;851
7120;Christians;117.07;false;;173
7774;Sankt Knuds;117.03;false;;461
7516;Fensmark;116.89;false;;370
9230;Jerup;116.69;false;;813
8403;Serritslev;114.94;false;;810
7142;Strandmarks;114.58;false;;167
8188;Linde;114.42;false;;730
9170;Ørre-Sinding;114.16;false;;657
9175;Davids;113.9;false;;101
9217;Terndrup;113.9;false;;840
9311;Birkerød;113.63;false;;230
8204;Sønder Onsild;113.38;false;;846
8104;Skåde;113.02;false;;751
7831;Harndrup;112.74;false;;410
8031;Dallerup;112.74;false;;740
7186;Smørum;112.42;false;;240
7378;Ørslev;112.23;false;;329
8463;Horne;112.23;false;;860
7288;Store Tåstrup;112.11;false;;316
7123;Lundtofte;111.68;false;;173
8811;Arnborg;111.23;false;;657
7160;Himmelev;110.6;false;;265
9115;Nygårds;110.53;false;;153
9111;Sankt Jørgens;110.51;false;;370
7135;Herlev;110.48;false;;163
7345;Sankt Mikkels;110.26;false;;330
7202;Havdrup;110.13;false;;269
9174;Vor Frue;110.04;false;;101
9151;Enghøj;109.88;false;;730
8124;Risskov;109.62;false;;751
7117;Hellerup;109.54;false;;157
7990;Voerladegård;109.29;false;;615
7204;Jersie;109.22;false;;269
8944;Vorbasse;109.17;false;;530
7750;Espe;108.93;false;;430
7971;Hedensted;108.85;false;;766
8239;Hemmed;108.81;false;;707
7777;Thomas Kingos;108.79;false;;461
9081;Korsvejens;108.7;false;;185
7735;Ørbæk;108.4;false;;450
8402;Brønderslev;107.9;false;;810
7127;Ny Holte;107.79;false;;230
8372;Vejgaard;107.22;false;;851
9119;Kølkær;106.61;false;;657
9239;Hareskov;106.55;false;;190
7381;Teestrup;106.5;false;;320
8388;Ferslev;106.5;false;;851
7152;Høje Tåstrup;106.3;false;;169
7003;Trinitatis;105.93;false;;101
7540;Herfølge;105.77;false;;259
9164;Fredens-Nazaret;105.73;false;;101
7185;Ledøje;105.6;false;;240
8280;Ravnkilde;105.6;false;;840
8572;Skive;105.23;false;;779
8266;Vejlby;104.82;false;;707
9216;Øster Hurup;104.82;false;;846
8036;Vitved;104.38;false;;746
7364;Benløse;104.26;false;;329
8198;Hobro;104.05;false;;846
7197;Vindinge;104.02;false;;265
7403;Skævinge;103.88;false;;219
7141;Hvidovre;103.76;false;;167
7492;Lellinge;103.63;false;;259
8447;Albæk-Lyngså;103.41;false;;813
8105;Mårslet;103.29;false;;751
8335;Støvring;103.16;false;;840
9323;Føllenslev-Særslev;103.06;false;;326
7534;Kongsted;102.92;false;;320
7115;Ordrup;102.63;false;;157
7149;Vallensbæk;102.49;false;;187
9117;Boholte;102.23;false;;259
8301;Skørping;102.2;false;;840
8129;Sønder Årslev;102.04;false;;751
7798;Munkebo;102.02;false;;440
7453;Gerlev;101.83;false;;250
7522;Faxe;101.83;false;;320
8245;Hornslet;101.77;false;;706
7188;Måløv;101.67;false;;151
9058;Højst;101.52;false;;550
8123;Vejlby;101.49;false;;751
7411;Veksø;101.47;false;;240
9312;Viskinge-Avnsø;101.45;false;;326
7896;Hornstrup;101.21;false;;630
8026;Tvilum;101.21;false;;740
8214;Virring;101.21;false;;730
9141;Gullestrup;101.06;false;;657
9187;Romdrup-Klarup;100.83;false;;851
8841;Nørlem;100.76;false;;665
7409;Ølstykke;99.97;false;;240
7144;Brøndbyvester;99.89;false;;153
7027;Vigerslev;99.89;false;;101
7147;Glostrup;99.45;false;;161
8010;Stilling;99.4;false;;746
9015;Øster Løgum;99.3;false;;580
7146;Avedøre;99.26;false;;167
8035;Fruering;98.91;false;;746
8912;Grimstrup;98.62;false;;561
7472;Everdrup;98.14;false;;370
7509;Sværdborg;98.04;false;;390
8641;Hammershøj;97.94;false;;791
8005;Klovborg;97.85;false;;756
8352;Overlade;97.56;false;;820
7451;Hørsholm;97.47;false;;223
8132;Sankt Lukas;96.94;false;;751
7309;Eggeslevmagle;96.43;false;;330
9071;Haralds;96.25;false;;159
8311;Astrup;95.69;false;;846
7090;Solvang;95.06;false;;101
8128;Brabrand;94.99;false;;751
8898;Vester Starup;94.16;false;;573
9068;Søborgmagle;93.79;false;;159
7456;Ferslev;93.72;false;;250
8304;Skelund;93.63;false;;846
7140;Hendriksholm;92.88;false;;175
7691;Landet;92.68;false;;479
9089;Pederstrup;92.56;false;;151
7166;Svogerslev;92.46;false;;265
8382;Ajstrup;92.46;false;;851
8478;Abildgård;92.41;false;;813
7383;Sorø;92.39;false;;340
9146;Lystrup;92.15;false;;751
7194;Greve;92.01;false;;253
8152;Fårup;91.83;false;;730
8265;Vivild;91.24;false;;707
7504;Vejlø;90.87;false;;370
7088;Højdevangs;90.76;false;;101
8103;Tranbjerg;90.74;false;;751
7110;Helleruplund;90.66;false;;157
7788;Sanderum;90.48;false;;461
7903;Bredsten;90.01;false;;630
8794;Vildbjerg;89.99;false;;657
7162;Fløng;89.95;false;;169
8231;Grenaa;89.89;false;;707
8084;Stjær;89.85;false;;746
9006;Dybbøl;89.79;false;;540
9232;Gudumholm;89.69;false;;851
8047;Hansted;89.61;false;;615
9044;Møgeltønder;89.37;false;;550
7187;Ballerup;89.33;false;;151
8461;Bjergby;89.13;false;;860
8908;Jerne;89.1;false;;561
8763;Ny;88.89;false;;760
7887;Nørre Søby;88.34;false;;430
9188;Hvejsel;88.26;false;;630
8195;Øster Tørslev;88.11;false;;730
7111;Gentofte;87.87;false;;157
8460;Astrup;87.87;false;;860
7261;Højby;87.67;false;;306
7455;Skibby;87.67;false;;250
7783;Hans Tausens;87.51;false;;461
9091;Hedeager;87.51;false;;657
7108;Godthaabs;87.41;false;;147
7119;Kongens Lyngby;87.4;false;;173
8319;Nøvling;87.03;false;;851
8559;Dommerby;87.03;false;;779
7195;Hundige-Kildebrønde;86.84;false;;253
9140;Skelgårds;86.79;false;;185
8955;Skrydstrup;86.36;false;;510
7589;Horbelev;85.32;false;;376
7442;Hellebæk;84.8;false;;217
7974;Brande;84.54;false;;756
7733;Vindinge;83.01;false;;450
9148;Tornbjerg;82.83;false;;461
7571;Nexø;82.64;false;;400
7500;Rønnebæk;82.61;false;;370
7044;Sankt Jakobs;82.56;false;;101
9241;Gadevang;82.3;false;;219
9093;Vollsmose;82.24;false;;461
8990;Augustenborg;82.03;false;;540
9183;Samsø;82.03;false;;741
7510;Sankt Peders;81.7;false;;370
8892;Vester Vedsted;81.63;false;;561
7511;Sankt Mortens;81.45;false;;370
7449;Blovstrød;81.12;false;;201
7721;Gudme;80.97;false;;479
7863;Særslev;80.91;false;;480
7906;Hover;80.63;false;;630
8032;Låsby;80.61;false;;746
8585;Grinderslev;80.58;false;;779
7869;Marslev;80.52;false;;440
7998;Them;80.39;false;;740
7065;Emdrup;80.19;false;;101
7265;Grevinge;79.94;false;;306
8052;Klostersogn;79.9;false;;615
7779;Vor Frue;79.9;false;;461
8749;Ringkøbing;79.89;false;;760
7613;Nørre Alslev;79.74;false;;376
8527;Klejtrup;79.68;false;;791
7960;Rårup;79.62;false;;766
9094;Rønnevang;79.54;false;;169
8454;Sankt Catharinæ;78.81;false;;860
7681;Egense;78.71;false;;479
8895;Gørding;78.52;false;;561
7426;Uggeløse;78.28;false;;201
8102;Holme;78.14;false;;751
8516;Hornbæk;78.13;false;;730
8422;Saltum;78;false;;849
7552;Rønne;77.96;false;;400
7203;Solrød;77.49;false;;269
7112;Jægersborg;76.67;false;;157
8250;Egå;76.5;false;;751
7159;Sankt Jørgensbjerg;76.37;false;;265
7256;Hørve;76.22;false;;306
8291;Durup;76.22;false;;840
9135;Skjoldhøj;76.11;false;;751
7775;Ansgars;75.93;false;;461
8540;Roslev;75.93;false;;779
7218;Højelse;75.67;false;;259
8975;Vojens;75.49;false;;510
7927;Sankt Nicolai;75.17;false;;621
7554;Vestermarie;75.13;false;;400
9051;Højer;75.02;false;;550
7158;Vor Frue;74.79;false;;265
9184;Arden;74.65;false;;846
7113;Vangede;74.54;false;;157
9166;Skanderborg;74.42;false;;746
8815;Nørrelands;74.37;false;;661
7198;Snoldelev;74.35;false;;265
8721;Thisted;74.16;false;;787
9147;Skelager;73.6;false;;751
9173;Falslev-Vindblæs;73.1;false;;846
7909;Trinitatis;73.09;false;;607
9206;Ellebæk;73.09;false;;661
8147;Ødum;72.99;false;;710
8777;Sønder Borris;72.99;false;;760
7685;Kirkeby;72.83;false;;479
7956;Barrit;72.2;false;;766
7439;Vestervang;71.69;false;;217
7414;Farum;71.61;false;;190
7913;Erritsø;71.34;false;;607
7772;Hesselager;70.52;false;;479
7236;Gørlev;70.5;false;;326
7200;Karlslunde;70.42;false;;253
7884;Sønder Nærå;70.37;false;;430
7877;Seden;70.09;false;;461
7528;Karise;69.98;false;;320
7491;Fanefjord;69.83;false;;390
7916;Gauerslund;69.62;false;;630
7967;Tyrsted;69.6;false;;615
9316;Hadsten;69.41;false;;710
7541;Sædder;69.4;false;;259
8303;Als;69.2;false;;846
7421;Slangerup;68.85;false;;250
7796;Vissenbjerg;68.83;false;;420
7501;Holme Olstrup;68.82;false;;370
8650;Hurup;68.66;false;;787
7178;Kirke Sonnerup;68.54;false;;350
8449;Hellevad;68.45;false;;810
7530;Sønder Dalby;68.21;false;;320
8067;Grundfør;68.18;false;;710
9077;Sønderbro;68.11;false;;615
8343;Sønder Kongerslev;68.07;false;;851
8378;Vadum;67.91;false;;851
8900;Bramming;66.84;false;;561
8269;Aars;66.68;false;;820
9072;Buddinge;66.6;false;;159
7273;Rørby;66.31;false;;326
8108;Kolt;66.23;false;;751
8606;Gødvad;65.87;false;;740
7480;Mern;65.75;false;;390
8546;Glyngøre;65.53;false;;779
8968;Øsby;65.19;false;;510
7560;Allinge-Sandvig;65.1;false;;400
8424;Jetsmark;65.08;false;;849
9004;Broager;65.05;false;;540
9195;Søllested-Skovlænge-Gurreby;64.81;false;;360
8053;Vor Frelsers;64.68;false;;615
7785;Korup;64.66;false;;461
8393;Brovst;64.58;false;;849
7299;Jyderup;64.16;false;;316
7443;Egebæksvang;63.61;false;;217
7407;Melby;63.59;false;;260
8917;Tjæreborg;63.21;false;;561
7940;Vonsild;63.07;false;;621
7173;Kirke Hvalsø;63;false;;350
8819;Mejrup;63;false;;661
8949;Rødding;62.77;false;;575
7306;Herlufsholm;62.65;false;;370
9045;Løgumkloster;62.46;false;;550
8499;Kobberup;62.34;false;;779
7148;Herstedøster;62.18;false;;165
7556;Nyker;61.96;false;;400
7154;Værløse;61.9;false;;190
8418;Øster Brønderslev;61.65;false;;810
8816;Struer;61.36;false;;671
8573;Resen;61.35;false;;779
7121;Virum;61.18;false;;173
7208;Rorup;61.09;false;;350
8877;Ovtrup;60.86;false;;573
8385;Vester Hassing;60.83;false;;851
7444;Asminderød;60.59;false;;210
7966;Torsted;60.45;false;;615
7787;Dalum;60.06;false;;461
7515;Herlufmagle;60.02;false;;370
8073;Elsted;59.96;false;;751
8603;Karup;59.44;false;;791
8496;Balle;59.3;false;;740
7793;Verninge;59.1;false;;420
9177;Butterup-Tuse;59.05;false;;316
7143;Risbjerg;58.56;false;;167
7537;Bjæverskov;58.45;false;;259
8066;Sabro;58.38;false;;751
7986;Nørup;58.21;false;;630
8407;Løkken-Furreby;58.17;false;;860
8906;Zions;58.14;false;;561
7557;Hasle;57.94;false;;400
8071;Trige;57.82;false;;751
7825;Vejlby;57.77;false;;410
8872;Ansager;57.7;false;;573
7377;Terslev;57.57;false;;320
7295;Gislinge;57.27;false;;316
9158;Skæring;57.12;false;;751
8329;Sønderholm;57.08;false;;851
9103;Mørdrup;56.98;false;;217
7450;Lillerød;56.9;false;;201
8722;Tilsted;56.75;false;;787
7441;Hornbæk;56.7;false;;217
8018;Mariehøj;56.39;false;;740
8219;Marie Magdalene;56.26;false;;706
9013;Bjolderup;56.09;false;;580
8116;Sankt Markus;55.77;false;;751
7466;Præstø;55.71;false;;390
7893;Sankt Nikolaj;55.46;false;;630
7766;Ringe;55.33;false;;430
7948;Nebsager;55.16;false;;766
7894;Vor Frelsers;55.11;false;;630
7131;Søborggård;54.82;false;;159
7196;Reerslev;54.73;false;;169
9291;Aal;54.6;false;;573
8960;Toftlund;53.94;false;;550
9113;Islebjerg;53.89;false;;250
8166;Ålsø;53.82;false;;707
9180;Kollerup-Fjerritslev;53.16;false;;849
7817;Glamsbjerg;53.05;false;;420
7578;Nykøbing F;52.9;false;;376
8110;Malling;52.82;false;;751
7415;Hillerød;52.78;false;;219
7419;Oppe Sundby;52.61;false;;250
8465;Hirtshals;52.15;false;;860
7274;Sankt Nikolai;51.63;false;;316
7899;Sindbjerg;51.12;false;;630
8961;Haderslev Vor Frue Domsogn;50.91;false;;510
9178;Tønder;50.59;false;;550
8107;Ormslev;50.36;false;;751
7219;Ubby;50.13;false;;326
8905;Vor Frelsers;49.91;false;;561
7929;Brændkjær;49.89;false;;621
7481;Kalvehave;49.83;false;;390
8249;Hjortshøj;49.74;false;;751
7428;Esbønderup;48.85;false;;270
8965;Hoptrup;48.61;false;;510
8242;Thorsager;48.59;false;;706
7780;Korsløkke;48.38;false;;461
7879;Fraugde;48.22;false;;461
7429;Nødebo;48.12;false;;219
7977;Thyregod;48.05;false;;630
9073;Grundtvigs;47.9;false;;561
9107;Godthåb;47.89;false;;851
8048;Vær;47.72;false;;615
7478;Ørslev;47.39;false;;390
7275;Tveje Merløse;47.28;false;;316
8789;Herning;47.26;false;;657
7607;Stubbekøbing;47.08;false;;376
7988;Gammel Rye;47.06;false;;746
8244;Mørke;46.73;false;;706
8427;Hjallerup;46.73;false;;810
8870;Tistrup;46.62;false;;573
9101;Bistrup;46.5;false;;860
7776;Bolbro;46.49;false;;461
7122;Sorgenfri;46.45;false;;173
8909;Skads;45.93;false;;561
8817;Gimsing;45.85;false;;671
7778;Munkebjerg;45.81;false;;461
7784;Paarup;45.66;false;;461
7452;Karlebo;45.59;false;;210
7969;Løsning;45.55;false;;766
8531;Skals;45.33;false;;791
9100;Bredballe;45.03;false;;630
7912;Christians;45.02;false;;607
9143;Sejs-Svejbæk;44.91;false;;740
9192;Tuse Næs;44.78;false;;316
8790;Sankt Johannes;44.7;false;;657
8455;Sankt Hans;44.09;false;;860
9131;Hjallese;44.03;false;;461
7973;Engum;43.99;false;;630
7648;Maribo Domsogn;43.18;false;;360
7767;Ryslinge;43.03;false;;430
7919;Mølholm;42.97;false;;630
8622;Bjerringbro;42.95;false;;791
8943;Grene;42.69;false;;530
7386;Lynge;42.34;false;;340
9087;Hannerup;42.25;false;;607
8022;Hammel;41.96;false;;710
7245;Stenlille;41.34;false;;340
7437;Sankt Olai;41.2;false;;217
9022;Ensted;40.68;false;;580
7724;Nyborg;40.57;false;;450
7446;Humlebæk;40.26;false;;210
7359;Kirke Stillinge;40.19;false;;330
7348;Sankt Povls;40.16;false;;330
7427;Jørlunde;39.95;false;;240
7363;Ringsted;39.55;false;;329
8988;Sankt Marie;39.52;false;;540
7469;Vordingborg;39.36;false;;390
9106;Sædden;38.74;false;;561
7184;Sengeløse;38.73;false;;169
8871;Ølgod;38.66;false;;573
8942;Grindsted;38.44;false;;530
7177;Rye;38.26;false;;350
7171;Osted;38.07;false;;350
7823;Middelfart;38.06;false;;410
7125;Søllerød;37.85;false;;230
8802;Ikast;37.52;false;;756
8918;Bryndum;37.27;false;;561
7473;Snesere;37.09;false;;370
8989;Christians;36.78;false;;540
7054;Aldersro;36.65;false;;101
8019;Alderslyst;35.98;false;;740
7911;Sankt Michaelis;35.76;false;;607
7781;Sankt Hans;35.38;false;;461
7895;Sankt Johannes;35.33;false;;630
7801;Assens;35.24;false;;420
8904;Aalestrup;35.11;false;;820
7175;Kirke Saaby;35.1;false;;350
9324;Fuglebjerg-Tystrup-Haldagerlille;35.03;false;;370
8992;Ulkebøl;34.93;false;;540
7865;Vigerslev;34.48;false;;480
9003;Egen;34.47;false;;540
7868;Agedrup;34.2;false;;461
7360;Vemmelev;34.04;false;;330
7129;Nærum;33.97;false;;230
7824;Kauslunde;33.8;false;;410
8969;Sønder Starup;33.55;false;;510
7728;Ullerslev;33.49;false;;450
7170;Gundsømagle;32.65;false;;265
7400;Ølsted;31.94;false;;260
7544;Hårlev;31.94;false;;320
9186;Frederiksværk-Vinderød;31.85;false;;260
9104;Ry;31.72;false;;746
7408;Torup;31.34;false;;260
9293;Kerteminde-Drigstrup;31.33;false;;440
7262;Vig;31.28;false;;306
7523;Hylleholt;31.21;false;;320
7569;Aaker;31.1;false;;400
8611;Funder;30.86;false;;740
8246;Skødstrup;30.69;false;;751
8458;Tårs;30.42;false;;860
9010;Aabenraa;30.14;false;;580
8199;Mariager;30.12;false;;846
7347;Sankt Peders;29.71;false;;330
8020;Linå;29.19;false;;740
9313;Fanø;28.69;false;;563
9061;Tinglev;28.48;false;;580
9132;Virklund;28.35;false;;740
7413;Ganløse;28.1;false;;240
7678;Sørup;28;false;;479
7994;Brædstrup;27.74;false;;615
8886;Ribe Domsogn;27.56;false;;561
9092;Nørremarks;27.11;false;;630
7904;Skibet;26.2;false;;630
7846;Næsbyhoved-Broby;25.89;false;;461
9130;Mejdal;25.85;false;;661
7308;Skælskør;25.54;false;;330
8769;Videbæk;25.28;false;;760
8456;Sankt Olai;25.16;false;;860
8926;Brørup;25.06;false;;575
7675;Vor Frue;24.78;false;;479
7690;Bregninge;24.64;false;;479
9142;Dyrup;24.61;false;;461
8940;Seest;23.34;false;;621
7284;Tølløse;23.16;false;;316
7905;Jelling;22.8;false;;630
8087;Odder;22.78;false;;727
7399;Kregme;22.64;false;;260
7934;Bramdrup;22.36;false;;621
8840;Lemvig;22.26;false;;665
7844;Lumby;22.2;false;;461
8062;Haldum;22.14;false;;710
8692;Nykøbing M;21.76;false;;773
7642;Sakskøbing;21.6;false;;376
7438;Sankt Mariæ;21.6;false;;217
7228;Tersløse;21.39;false;;340
7886;Højby;20.94;false;;461
7207;Ølsemagle;20.89;false;;259
7454;Draaby;20.73;false;;250
8804;Snejbjerg;20.5;false;;657
8085;Galten;20.12;false;;746
7432;Græsted;19.73;false;;270
9139;Fredens;19.72;false;;479
9152;Fonnesbæk;19.62;false;;756
9149;Houlkær;19.34;false;;791
8598;Hørup;19.05;false;;740
9163;Lyng;18.56;false;;607
9067;Vamdrup;17.98;false;;621
7915;Taulov;17.76;false;;607
8922;Guldager;17.39;false;;561
7268;Vor Frue;16.66;false;;326
8017;Silkeborg;16.63;false;;740
8803;Rind;16.35;false;;657
7932;Nørre Bjert;16.33;false;;621
8805;Tjørring;16.26;false;;657
7695;Fåborg;16.11;false;;430
7928;Kristkirkens;15.91;false;;621
8615;Asmild;15.68;false;;791
9133;Tingbjerg;14.89;false;;101
8907;Treenigheds;13.74;false;;561
8765;Skjern;12.23;false;;760
9171;Ebeltoft-Dråby-Handrup;11.58;false;;706
7670;Sankt Nikolai;11.33;false;;360
8799;Gjellerup;11.27;false;;657
8440;Sæby;11.17;false;;813
8873;Varde;6.57;false;;573
7150;Torslunde;0;false;;183
7161;Hvedstrup;0;false;;265
7165;Kornerup;0;false;;350
7168;Kirkerup;0;false;;265
7174;Særløse;0;false;;350
7176;Kisserup;0;false;;350
7179;Kirke Hyllinge;0;false;;350
7180;Lyndby;0;false;;350
7181;Sæby;0;false;;350
7182;Gershøj;0;false;;350
7212;Ørsted;0;false;;265
7215;Kimmerslev;0;false;;259
7220;Svallerup;0;false;;326
7221;Store Fuglede;0;false;;326
7222;Lille Fuglede;0;false;;326
7223;Sæby;0;false;;326
7224;Hallenslev;0;false;;326
7225;Buerup;0;false;;326
7226;Reerslev;0;false;;326
7227;Ruds Vedby;0;false;;340
7229;Skellebjerg;0;false;;340
7230;Niløse;0;false;;340
7231;Ørslev;0;false;;326
7232;Solbjerg;0;false;;326
7234;Gierslev;0;false;;326
7235;Finderup;0;false;;326
7237;Bakkendrup;0;false;;326
7238;Kirke Helsinge;0;false;;326
7239;Drøsselbjerg;0;false;;326
7246;Orø;0;false;;316
7254;Jorløse;0;false;;326
7255;Vallekilde;0;false;;306
7257;Sejerø;0;false;;326
7259;Rørvig;0;false;;306
7263;Nørre Asmindrup;0;false;;306
7264;Egebjerg;0;false;;306
7269;Raklev;0;false;;326
7270;Røsnæs;0;false;;326
7271;Tømmerup;0;false;;326
7272;Årby;0;false;;326
7278;Nørre Jernløse;0;false;;316
7279;Kvanløse;0;false;;316
7281;Søstrup;0;false;;316
7286;Soderup;0;false;;316
7287;Kirke Eskilstrup;0;false;;316
7290;Undløse;0;false;;316
7291;Søndersted;0;false;;316
7296;Kundby;0;false;;316
7300;Holmstrup;0;false;;316
7305;Fodby;0;false;;370
7307;Gunderslev;0;false;;370
7310;Høve;0;false;;330
7313;Fårdrup;0;false;;330
7314;Sørbymagle;0;false;;330
7315;Kirkerup;0;false;;330
7316;Gimlinge;0;false;;330
7318;Ting Jellinge;0;false;;370
7319;Hyllested;0;false;;330
7320;Venslev;0;false;;330
7321;Holsteinborg;0;false;;330
7322;Ørslev;0;false;;330
7323;Sønder Bjerge;0;false;;330
7324;Tjæreby;0;false;;330
7325;Magleby;0;false;;330
7326;Agersø;0;false;;330
7327;Omø;0;false;;330
7330;Krummerup;0;false;;370
7332;Førslev;0;false;;370
7334;Marvede;0;false;;370
7335;Hyllinge;0;false;;370
7337;Fyrendal;0;false;;370
7338;Munke Bjergby;0;false;;340
7339;Bromme;0;false;;340
7340;Gyrstinge;0;false;;329
7341;Kirke Flinterup;0;false;;340
7342;Stenmagle;0;false;;340
7343;Bringstrup;0;false;;329
7344;Sigersted;0;false;;329
7346;Hejninge;0;false;;330
7350;Sønderup;0;false;;330
7351;Nordrupvester;0;false;;330
7352;Gudum;0;false;;330
7353;Sorterup;0;false;;330
7354;Ottestrup;0;false;;330
7355;Slots Bjergby;0;false;;330
7356;Sludstrup;0;false;;330
7358;Gerlev;0;false;;330
7362;Boeslunde;0;false;;330
7367;Jystrup;0;false;;329
7369;Vigersted;0;false;;329
7370;Kværkeby;0;false;;329
7371;Nordrupøster;0;false;;329
7372;Farendløse;0;false;;329
7373;Vetterslev;0;false;;329
7374;Høm;0;false;;329
7376;Sneslev;0;false;;329
7380;Freerslev;0;false;;320
7382;Bråby;0;false;;320
7385;Kindertofte;0;false;;330
7387;Vester Broby;0;false;;340
7388;Alsted;0;false;;340
7389;Fjenneslev;0;false;;340
7390;Slaglille;0;false;;340
7391;Bjernede;0;false;;340
7401;Tjæreby;0;false;;219
7404;Lille Lyngby;0;false;;219
7412;Slagslunde;0;false;;240
7418;Frederikssund;0;false;;250
7424;Sigerslevvester;0;false;;250
7425;Lynge;0;false;;201
7430;Søborg;0;false;;270
7433;Mårum;0;false;;270
7435;Valby;0;false;;270
7445;Grønholt;0;false;;210
7459;Selsø;0;false;;250
7460;Kyndby;0;false;;250
7461;Krogstrup;0;false;;250
7463;Tyvelse;0;false;;370
7465;Vrangstrup;0;false;;370
7468;Skibinge;0;false;;390
7470;Kastrup;0;false;;390
7471;Jungshoved;0;false;;390
7474;Bårse;0;false;;390
7475;Beldringe;0;false;;390
7476;Allerslev;0;false;;390
7477;Udby;0;false;;390
7479;Øster Egesborg;0;false;;390
7483;Stege;0;false;;390
7485;Nyord;0;false;;390
7486;Keldby;0;false;;390
7487;Elmelunde;0;false;;390
7488;Borre;0;false;;390
7489;Magleby;0;false;;390
7490;Damsholte;0;false;;390
7493;Lille Heddinge;0;false;;336
7494;Havnelev;0;false;;336
7495;Magleby Stevns;0;false;;336
7498;Varpelev;0;false;;336
7499;Toksværd;0;false;;370
7502;Næstelsø;0;false;;370
7505;Vester Egesborg;0;false;;370
7507;Lundby;0;false;;390
7508;Køng;0;false;;390
7513;Aversi;0;false;;370
7514;Tybjerg;0;false;;370
7518;Skelby;0;false;;370
7520;Bavelse;0;false;;370
7521;Bogø;0;false;;390
7524;Spjellerup;0;false;;320
7525;Smerup;0;false;;320
7526;Hellested;0;false;;336
7527;Vemmetofte;0;false;;320
7529;Alslev;0;false;;320
7531;Tureby;0;false;;320
7533;Øster Egede;0;false;;320
7535;Roholte;0;false;;320
7536;Lidemark;0;false;;259
7539;Gørslev;0;false;;259
7542;Valløby;0;false;;336
7543;Tårnby;0;false;;336
7545;Himlingøje;0;false;;336
7546;Endeslev;0;false;;336
7547;Vråby;0;false;;336
7549;Højerup;0;false;;336
7550;Lyderslev;0;false;;336
7551;Frøslev;0;false;;336
7553;Knudsker;0;false;;400
7555;Nylarsker;0;false;;400
7558;Rutsker;0;false;;400
7559;Olsker;0;false;;400
7561;Klemensker;0;false;;400
7562;Rø;0;false;;400
7563;Ibsker;0;false;;400
7564;Svaneke;0;false;;400
7565;Østerlarsker;0;false;;400
7566;Gudhjem;0;false;;400
7567;Østermarie;0;false;;400
7568;Christiansø;0;false;;411
7570;Bodilsker;0;false;;400
7572;Poulsker;0;false;;400
7573;Pedersker;0;false;;400
7575;Ønslev;0;false;;376
7576;Eskilstrup;0;false;;376
7577;Tingsted;0;false;;376
7579;Idestrup;0;false;;376
7580;Væggerløse;0;false;;376
7581;Skelby;0;false;;376
7582;Gedesby;0;false;;376
7583;Sønder Kirkeby;0;false;;376
7584;Sønder Alslev;0;false;;376
7585;Karleby;0;false;;376
7586;Horreby;0;false;;376
7587;Nørre Ørslev;0;false;;376
7588;Systofte;0;false;;376
7590;Falkerslev;0;false;;376
7591;Aastrup;0;false;;376
7592;Tårs;0;false;;376
7594;Majbølle;0;false;;376
7595;Radsted;0;false;;376
7596;Toreby;0;false;;376
7597;Slemminge;0;false;;376
7598;Fjelde;0;false;;376
7599;Døllefjelde;0;false;;376
7600;Musse;0;false;;376
7601;Herritslev;0;false;;376
7602;Øster Ulslev;0;false;;376
7603;Vester Ulslev;0;false;;376
7604;Godsted;0;false;;376
7605;Kettinge;0;false;;376
7606;Bregninge;0;false;;376
7608;Maglebrænde;0;false;;376
7609;Torkilstrup;0;false;;376
7610;Lillebrænde;0;false;;376
7611;Gundslev;0;false;;376
7614;Nørre Kirkeby;0;false;;376
7622;Horslunde;0;false;;360
7623;Nordlunde;0;false;;360
7626;Halsted;0;false;;360
7627;Avnede;0;false;;360
7629;Kappel;0;false;;360
7630;Dannemare;0;false;;360
7631;Tillitse;0;false;;360
7632;Gloslunde;0;false;;360
7633;Græshave;0;false;;360
7635;Ryde;0;false;;360
7639;Stokkemarke;0;false;;360
7640;Vesterborg;0;false;;360
7641;Birket;0;false;;360
7644;Våbensted;0;false;;376
7645;Engestofte;0;false;;376
7646;Hunseby;0;false;;360
7649;Hillested;0;false;;360
7650;Skørringe;0;false;;360
7651;Rødby;0;false;;360
7652;Ringsebølle;0;false;;360
7653;Tågerup;0;false;;360
7654;Torslunde;0;false;;360
7655;Errindlev;0;false;;360
7656;Olstrup;0;false;;360
7657;Fuglse;0;false;;360
7658;Krønge;0;false;;360
7659;Holeby;0;false;;360
7660;Bursø;0;false;;360
7661;Nebbelunde;0;false;;360
7662;Sædinge;0;false;;360
7663;Tirsted;0;false;;360
7664;Vejleby;0;false;;360
7665;Østofte;0;false;;360
7666;Bandholm;0;false;;360
7667;Fejø;0;false;;360
7668;Femø;0;false;;360
7669;Askø;0;false;;360
7671;Branderslev;0;false;;360
7672;Stormarks;0;false;;360
7673;Arninge;0;false;;360
7674;Sandby;0;false;;360
7676;Sankt Nikolaj;0;false;;479
7677;Sankt Jørgens;0;false;;479
7679;Skårup;0;false;;479
7680;Tved;0;false;;479
7682;Øster Skerninge;0;false;;479
7683;Hundstrup;0;false;;479
7684;Ollerup;0;false;;479
7686;Stenstrup;0;false;;479
7687;Lunde;0;false;;479
7688;Kværndrup;0;false;;430
7689;Thurø;0;false;;479
7692;Bjerreby;0;false;;479
7693;Drejø;0;false;;479
7694;Strynø;0;false;;482
7696;Diernæs;0;false;;430
7697;Vester Åby;0;false;;430
7698;Åstrup;0;false;;430
7700;Ulbølle;0;false;;479
7701;Heden;0;false;;430
7702;Bøstrup;0;false;;482
7703;Snøde;0;false;;482
7704;Stoense;0;false;;482
7705;Hou;0;false;;482
7706;Longelse;0;false;;482
7707;Fuglsbølle;0;false;;482
7708;Lindelse;0;false;;482
7709;Humble;0;false;;482
7710;Tryggelev;0;false;;482
7711;Fodslette;0;false;;482
7712;Magleby;0;false;;482
7713;Ærøskøbing;0;false;;492
7714;Marstal;0;false;;492
7715;Rise;0;false;;492
7716;Tranderup;0;false;;492
7717;Bregninge;0;false;;492
7718;Søby;0;false;;492
7720;Vejstrup;0;false;;479
7722;Brudager;0;false;;479
7725;Aunslev;0;false;;450
7726;Bovense;0;false;;450
7727;Flødstrup;0;false;;450
7729;Skellerup;0;false;;450
7730;Ellinge;0;false;;450
7731;Kullerup;0;false;;450
7732;Refsvindinge;0;false;;450
7734;Frørup;0;false;;450
7736;Herrested;0;false;;450
7737;Søllinge;0;false;;430
7738;Hellerup;0;false;;430
7739;Sønder Højrup;0;false;;430
7740;Årslev;0;false;;430
7741;Rudkøbing;0;false;;482
7742;Simmerbølle;0;false;;482
7743;Skrøbelev;0;false;;482
7744;Tranekær;0;false;;482
7745;Tullebølle;0;false;;482
7746;Brahetrolleborg;0;false;;430
7747;Krarup;0;false;;430
7748;Herringe;0;false;;430
7749;Gestelev;0;false;;430
7751;Vantinge;0;false;;430
7752;Allested;0;false;;430
7753;Vejle;0;false;;430
7754;Nørre Broby;0;false;;430
7755;Sønder Broby;0;false;;430
7756;Hillerslev;0;false;;430
7757;Øster Hæsinge;0;false;;430
7758;Vester Hæsinge;0;false;;430
7759;Sandholts Lyndelse;0;false;;430
7760;Jordløse;0;false;;420
7761;Håstrup;0;false;;430
7762;Svanninge;0;false;;430
7763;Horne;0;false;;430
7764;Lyø;0;false;;430
7765;Avernakø;0;false;;430
7768;Gislev;0;false;;430
7769;Ellested;0;false;;450
7770;Langå;0;false;;450
7771;Øksendrup;0;false;;450
7773;Svindinge;0;false;;450
7786;Ubberud;0;false;;461
7789;Brændekilde;0;false;;461
7792;Fangel;0;false;;461
7794;Tommerup;0;false;;420
7795;Brylle;0;false;;420
7800;Kølstrup;0;false;;440
7802;Bågø;0;false;;420
7803;Kærum;0;false;;420
7804;Gamtofte;0;false;;420
7805;Søby;0;false;;420
7806;Turup;0;false;;420
7807;Barløse;0;false;;420
7808;Sandager;0;false;;420
7809;Holevad;0;false;;420
7810;Tanderup;0;false;;410
7812;Skydebjerg;0;false;;420
7813;Ørsted;0;false;;420
7814;Orte;0;false;;420
7815;Søllested;0;false;;420
7818;Flemløse;0;false;;420
7819;Hårby;0;false;;420
7821;Sønderby;0;false;;420
7822;Helnæs;0;false;;420
7826;Strib;0;false;;410
7827;Asperup;0;false;;410
7828;Roerslev;0;false;;410
7829;Brenderup;0;false;;410
7832;Gelsted;0;false;;410
7833;Rørup;0;false;;420
7835;Ejby;0;false;;410
7836;Nørre Aaby;0;false;;410
7837;Indslev;0;false;;410
7838;Gamborg;0;false;;410
7839;Udby;0;false;;410
7840;Føns;0;false;;410
7841;Ørslev;0;false;;410
7842;Husby;0;false;;410
7843;Lunde;0;false;;480
7845;Allesø;0;false;;461
7849;Nørre Næraa;0;false;;480
7850;Bederslev;0;false;;480
7851;Klinte;0;false;;480
7852;Grindløse;0;false;;480
7853;Uggerslev;0;false;;480
7855;Skamby;0;false;;480
7856;Bogense;0;false;;480
7857;Skovby;0;false;;480
7858;Ore;0;false;;480
7859;Guldbjerg;0;false;;480
7860;Nørre Sandager;0;false;;480
7861;Ejlby;0;false;;480
7862;Melby;0;false;;480
7864;Hårslev;0;false;;480
7866;Veflinge;0;false;;480
7870;Birkende;0;false;;440
7871;Rynkeby;0;false;;440
7873;Mesinge;0;false;;440
7874;Viby;0;false;;440
7875;Dalby;0;false;;440
7876;Stubberup;0;false;;440
7878;Åsum;0;false;;461
7880;Allerup;0;false;;461
7881;Davinde;0;false;;461
7882;Rønninge;0;false;;440
7883;Rolfsted;0;false;;430
7885;Nørre Lyndelse;0;false;;430
7888;Norup;0;false;;480
7889;Østrup;0;false;;480
7890;Skeby;0;false;;480
7891;Otterup;0;false;;480
7892;Hjadstrup;0;false;;480
7900;Uldum;0;false;;766
7901;Langskov;0;false;;766
7908;Vindelev;0;false;;630
7914;Bredstrup;0;false;;607
7918;Skærup;0;false;;630
7920;Smidstrup;0;false;;630
7921;Pjedsted;0;false;;607
7922;Gårslev;0;false;;630
7923;Højen;0;false;;630
7924;Jerlev;0;false;;630
7925;Egtved;0;false;;630
7926;Ødsted;0;false;;630
7930;Eltang;0;false;;621
7931;Sønder Vilstrup;0;false;;621
7933;Harte;0;false;;621
7935;Herslev;0;false;;607
7936;Almind;0;false;;621
7937;Viuf;0;false;;621
7938;Øster Starup;0;false;;630
7939;Vester Nebel;0;false;;621
7942;Sønder Bjert;0;false;;621
7943;Sønder Stenderup;0;false;;621
7944;Hejls;0;false;;621
7945;Vejstrup;0;false;;621
7946;Ødis;0;false;;621
7949;Bjerre;0;false;;766
7950;Urlev;0;false;;766
7951;Stenderup;0;false;;766
7952;Ørum;0;false;;766
7953;Daugård;0;false;;766
7954;Stouby;0;false;;766
7957;Vrigsted;0;false;;766
7958;As;0;false;;766
7959;Klakring;0;false;;766
7961;Skjold;0;false;;766
7962;Glud;0;false;;766
7963;Hjarnø;0;false;;766
7964;Hatting;0;false;;615
7968;Uth;0;false;;615
7970;Korning;0;false;;766
7972;Store Dalby;0;false;;766
7976;Øster Nykirke;0;false;;630
7980;Blåhøj;0;false;;756
7989;Sønder Vissing;0;false;;615
7991;Grædstrup;0;false;;615
7992;Vinding;0;false;;740
7993;Bryrup;0;false;;740
7995;Føvling;0;false;;615
7996;Tønning;0;false;;615
7997;Træden;0;false;;615
7999;Nørre Snede;0;false;;756
8000;Ejstrup;0;false;;756
8001;Aale;0;false;;766
8002;Linnerup;0;false;;766
8003;Tørring;0;false;;766
8004;Hammer;0;false;;766
8006;Tyrsting;0;false;;615
8007;Vrads;0;false;;740
8011;Blegind;0;false;;746
8014;Dover;0;false;;746
8015;Veng;0;false;;746
8016;Mesing;0;false;;746
8021;Voel;0;false;;740
8023;Voldby;0;false;;710
8024;Søby;0;false;;710
8025;Skorup;0;false;;710
8027;Gjern;0;false;;740
8028;Skannerup;0;false;;740
8029;Røgen;0;false;;710
8030;Sporup;0;false;;710
8033;Alling;0;false;;746
8037;Østbirk;0;false;;615
8038;Yding;0;false;;615
8039;Ovsted;0;false;;746
8041;Hylke;0;false;;746
8043;Tolstrup;0;false;;615
8045;Vedslet;0;false;;615
8049;Nebel;0;false;;615
8050;Gangsted;0;false;;615
8051;Søvind;0;false;;615
8055;Nim;0;false;;615
8056;Underup;0;false;;615
8057;Hvirring;0;false;;766
8058;Hornborg;0;false;;766
8059;Endelave;0;false;;615
8060;Lyngå;0;false;;710
8061;Vitten;0;false;;710
8070;Foldby;0;false;;710
8072;Ølsted;0;false;;751
8074;Elev;0;false;;751
8078;Skovby;0;false;;746
8080;Lyngby;0;false;;751
8081;Harlev;0;false;;751
8086;Tunø;0;false;;727
8088;Torrild;0;false;;727
8089;Saksild;0;false;;727
8090;Nølev;0;false;;727
8091;Randlev;0;false;;727
8092;Bjerager;0;false;;727
8093;Hundslund;0;false;;727
8094;Ørting;0;false;;727
8095;Falling;0;false;;727
8096;Gosmer;0;false;;727
8097;Halling;0;false;;727
8098;Gylling;0;false;;727
8099;Alrø;0;false;;727
8106;Tiset;0;false;;751
8111;Astrup;0;false;;727
8112;Tulstrup;0;false;;751
8113;Hvilsted;0;false;;727
8126;Skejby;0;false;;751
8127;Lisbjerg;0;false;;751
8131;Kasted;0;false;;751
8133;Støvring;0;false;;730
8134;Mellerup;0;false;;730
8137;Værum;0;false;;730
8138;Ørum;0;false;;730
8140;Lerbjerg;0;false;;710
8142;Vissing;0;false;;710
8143;Voldum;0;false;;710
8145;Årslev;0;false;;730
8149;Vester Tørslev;0;false;;846
8150;Svenstrup;0;false;;846
8151;Asferg;0;false;;730
8153;Kousted;0;false;;730
8154;Råsted;0;false;;730
8157;Hald;0;false;;730
8159;Fjellerup;0;false;;707
8160;Glesborg;0;false;;707
8161;Ørum;0;false;;707
8162;Ginnerup;0;false;;707
8165;Anholt;0;false;;707
8167;Hoed;0;false;;707
8168;Vejlby;0;false;;707
8169;Homå;0;false;;707
8171;Albøge;0;false;;707
8172;Hyllested;0;false;;706
8173;Rosmus;0;false;;706
8174;Tirstrup;0;false;;706
8175;Fuglslev;0;false;;706
8178;Kolind;0;false;;706
8179;Ebdrup;0;false;;706
8180;Skarresø;0;false;;706
8185;Glenstrup;0;false;;846
8186;Skjellerup;0;false;;846
8189;Udbyneder;0;false;;730
8190;Kastbjerg;0;false;;730
8191;Dalbyneder;0;false;;730
8192;Dalbyover;0;false;;730
8193;Råby;0;false;;730
8196;Gjerlev;0;false;;730
8197;Enslev;0;false;;730
8202;Hem;0;false;;846
8203;Sem;0;false;;846
8205;Nørre Onsild;0;false;;846
8206;Hvornum;0;false;;846
8207;Snæbum;0;false;;846
8208;Borup;0;false;;730
8210;Lem;0;false;;730
8212;Albæk;0;false;;730
8216;Hørning;0;false;;730
8217;Fausing;0;false;;707
8220;Koed;0;false;;706
8221;Øster Alling;0;false;;707
8222;Vester Alling;0;false;;707
8223;Hvilsager;0;false;;706
8225;Mygind;0;false;;706
8226;Krogsbæk;0;false;;706
8227;Skørring;0;false;;706
8228;Søby;0;false;;706
8229;Skader;0;false;;706
8230;Halling;0;false;;706
8232;Hammelev;0;false;;707
8233;Enslev;0;false;;707
8236;Veggerslev;0;false;;707
8237;Villersø;0;false;;707
8238;Gjerrild;0;false;;707
8240;Rimsø;0;false;;707
8247;Todbjerg;0;false;;751
8248;Mejlby;0;false;;751
8253;Tved;0;false;;706
8255;Egens;0;false;;706
8256;Knebel;0;false;;706
8257;Rolsø;0;false;;706
8258;Vistoft;0;false;;706
8259;Helgenæs;0;false;;706
8260;Holbæk;0;false;;707
8261;Udby;0;false;;707
8263;Estruplund;0;false;;707
8264;Ørsted;0;false;;707
8267;Gjesing;0;false;;707
8270;Havbro;0;false;;820
8271;Vester Hornum;0;false;;820
8272;Flejsborg;0;false;;820
8273;Ulstrup;0;false;;820
8275;Blære;0;false;;820
8276;Ejdrup;0;false;;851
8278;Giver;0;false;;820
8279;Brorstrup;0;false;;840
8283;Ullits;0;false;;820
8285;Louns;0;false;;820
8286;Alstrup;0;false;;820
8287;Gislum;0;false;;820
8289;Kongens Tisted;0;false;;840
8290;Binderup;0;false;;840
8292;Rørbæk;0;false;;840
8293;Grynderup;0;false;;840
8294;Skibsted;0;false;;840
8295;Lyngby;0;false;;840
8297;Siem;0;false;;840
8298;Torup;0;false;;840
8299;Gerding;0;false;;840
8300;Blenstrup;0;false;;840
8302;Fræer;0;false;;840
8305;Visborg;0;false;;846
8308;Rostrup;0;false;;846
8309;Oue;0;false;;846
8313;Rold;0;false;;846
8314;Vebbestrup;0;false;;846
8317;Døstrup;0;false;;846
8324;Mou;0;false;;851
8328;Vokslev;0;false;;851
8331;Nørholm;0;false;;851
8334;Øster Hornum;0;false;;840
8336;Gravlev;0;false;;840
8338;Haverslev;0;false;;840
8339;Sønderup;0;false;;840
8340;Suldrup;0;false;;840
8341;Veggerby;0;false;;840
8344;Nørre Kongerslev;0;false;;851
8345;Komdrup;0;false;;851
8346;Bælum;0;false;;840
8347;Solbjerg;0;false;;840
8348;Løgstør;0;false;;820
8349;Løgsted;0;false;;820
8350;Ranum;0;false;;820
8351;Malle;0;false;;820
8353;Hyllebjerg;0;false;;820
8354;Vilsted;0;false;;820
8355;Vindblæs;0;false;;820
8356;Sebber;0;false;;851
8358;Næsborg;0;false;;820
8360;Salling;0;false;;820
8361;Oudrup;0;false;;820
8362;Farstrup;0;false;;851
8363;Lundby;0;false;;851
8386;Ulsted;0;false;;851
8390;Volsted;0;false;;851
8391;Lerup;0;false;;849
8392;Tranum;0;false;;849
8394;Øland;0;false;;849
8395;Torslev;0;false;;849
8397;Haverslev;0;false;;849
8398;Skræm;0;false;;849
8399;Aggersborg;0;false;;820
8400;Bejstrup;0;false;;849
8405;Hæstrup;0;false;;860
8408;Vejby;0;false;;860
8409;Sejlstrup;0;false;;860
8410;Vrensted;0;false;;860
8412;Tolstrup;0;false;;810
8413;Stenum;0;false;;810
8416;Jerslev;0;false;;810
8417;Hellum;0;false;;810
8419;Hallund;0;false;;810
8420;Ingstrup;0;false;;849
8421;Vester Hjermitslev;0;false;;849
8423;Alstrup;0;false;;849
8426;Gjøl;0;false;;849
8428;Mosbjerg;0;false;;860
8429;Bindslev;0;false;;860
8431;Tolne;0;false;;860
8433;Åsted;0;false;;813
8434;Skærum;0;false;;813
8436;Gærum;0;false;;813
8437;Byrum;0;false;;825
8438;Hals;0;false;;825
8439;Vesterø;0;false;;825
8442;Karup;0;false;;813
8443;Volstrup;0;false;;813
8445;Torslev;0;false;;813
8446;Skæve;0;false;;813
8450;Ørum;0;false;;810
8462;Mygdal;0;false;;860
8464;Asdal;0;false;;860
8466;Tornby;0;false;;860
8467;Vidstrup;0;false;;860
8468;Skallerup;0;false;;860
8470;Rubjerg;0;false;;860
8471;Lyngby;0;false;;860
8473;Mårup;0;false;;860
8474;Harritslev;0;false;;860
8481;Råbjerg;0;false;;813
8483;Uggerby;0;false;;860
8484;Sahl;0;false;;791
8485;Gullev;0;false;;791
8486;Hvorslev;0;false;;710
8487;Gerning;0;false;;710
8488;Vellev;0;false;;710
8492;Houlbjerg;0;false;;710
8493;Granslev;0;false;;710
8494;Haurum;0;false;;710
8495;Sall;0;false;;710
8497;Tårup;0;false;;791
8498;Kvols;0;false;;791
8501;Sparkær;0;false;;791
8502;Gammelstrup;0;false;;791
8503;Daugbjerg;0;false;;791
8504;Mønsted;0;false;;791
8505;Smollerup;0;false;;791
8506;Vridsted;0;false;;791
8508;Vroue;0;false;;791
8509;Resen;0;false;;791
8510;Nørbæk;0;false;;730
8511;Sønderbæk;0;false;;730
8512;Læsten;0;false;;730
8513;Øster Bjerregrav;0;false;;730
8514;Ålum;0;false;;730
8518;Østerbølle;0;false;;820
8519;Gedsted;0;false;;820
8521;Simested;0;false;;791
8522;Testrup;0;false;;820
8523;Hvam;0;false;;791
8524;Hvilsom;0;false;;791
8525;Hersom;0;false;;791
8526;Vester Bjerregrav;0;false;;791
8528;Vester Tostrup;0;false;;791
8530;Låstrup;0;false;;791
8532;Ulbjerg;0;false;;791
8533;Lynderup;0;false;;791
8534;Dollerup;0;false;;791
8537;Skjød;0;false;;710
8538;Durup;0;false;;779
8539;Tøndering;0;false;;779
8543;Harre;0;false;;779
8544;Nautrup;0;false;;779
8545;Vile;0;false;;779
8547;Sæby;0;false;;779
8548;Fur;0;false;;779
8550;Lihme;0;false;;779
8551;Balling;0;false;;779
8552;Volling;0;false;;779
8553;Krejbjerg;0;false;;779
8554;Håsum;0;false;;779
8555;Ramsing;0;false;;779
8556;Lem;0;false;;779
8557;Vejby;0;false;;779
8558;Højslev;0;false;;779
8560;Lundø;0;false;;779
8561;Ørslevkloster;0;false;;779
8562;Ørum;0;false;;779
8563;Vorde;0;false;;791
8564;Fiskbæk;0;false;;791
8565;Romlund;0;false;;791
8566;Rødding;0;false;;791
8567;Løvel;0;false;;791
8568;Pederstrup;0;false;;791
8570;Lindum;0;false;;791
8571;Bigum;0;false;;791
8575;Hindborg;0;false;;779
8576;Dølby;0;false;;779
8578;Otting;0;false;;779
8579;Brøndum;0;false;;779
8581;Selde;0;false;;779
8582;Åsted;0;false;;779
8583;Junget;0;false;;779
8584;Thorum;0;false;;779
8586;Grønning;0;false;;779
8587;Thise;0;false;;779
8588;Jebjerg;0;false;;779
8589;Lyby;0;false;;779
8590;Vium;0;false;;740
8591;Lysgård;0;false;;791
8592;Sjørslev;0;false;;740
8593;Almind;0;false;;791
8594;Højbjerg;0;false;;791
8595;Elsborg;0;false;;791
8596;Grønbæk;0;false;;740
8597;Levring;0;false;;740
8599;Hinge;0;false;;740
8600;Vinderslev;0;false;;740
8601;Thorning;0;false;;740
8602;Frederiks;0;false;;791
8604;Serup;0;false;;740
8605;Lemming;0;false;;740
8607;Svostrup;0;false;;740
8608;Sejling;0;false;;740
8609;Sinding;0;false;;740
8610;Kragelund;0;false;;740
8612;Engesvang;0;false;;756
8614;Søndre;0;false;;791
8616;Tapdrup;0;false;;791
8617;Vinkel;0;false;;791
8618;Sønder Rind;0;false;;791
8619;Vindum;0;false;;791
8621;Mammen;0;false;;791
8624;Lee;0;false;;791
8625;Hjorthede;0;false;;791
8626;Vester Velling;0;false;;710
8627;Skjern;0;false;;791
8628;Øster Velling;0;false;;730
8629;Helstrup;0;false;;730
8631;Langå;0;false;;730
8632;Torup;0;false;;730
8634;Tjele;0;false;;791
8635;Nørre Vinge;0;false;;791
8636;Ørum;0;false;;791
8637;Viskum;0;false;;791
8638;Vejrum;0;false;;791
8639;Vorning;0;false;;791
8642;Hillerslev;0;false;;787
8644;Sennels;0;false;;787
8646;Østerild;0;false;;787
8647;Hjardemål;0;false;;787
8648;Vestervig;0;false;;787
8649;Agger;0;false;;787
8651;Boddum;0;false;;787
8652;Ydby;0;false;;787
8655;Hvidbjerg;0;false;;671
8656;Lyngs;0;false;;671
8657;Søndbjerg;0;false;;671
8658;Odby;0;false;;671
8659;Jegindø;0;false;;671
8660;Snedsted;0;false;;787
8661;Nørhå;0;false;;787
8662;Sønderhå;0;false;;787
8663;Hørsted;0;false;;787
8664;Harring;0;false;;787
8665;Stagstrup;0;false;;787
8666;Skyum;0;false;;787
8667;Hørdum;0;false;;787
8668;Sejerslev;0;false;;773
8669;Ejerslev;0;false;;773
8670;Jørsby;0;false;;773
8671;Flade;0;false;;773
8672;Bjergby;0;false;;773
8673;Alsted;0;false;;773
8675;Solbjerg;0;false;;773
8676;Sundby;0;false;;773
8677;Dragstrup;0;false;;773
8678;Skallerup;0;false;;773
8679;Galtrup;0;false;;773
8680;Øster Jølby;0;false;;773
8681;Tødsø;0;false;;773
8682;Erslev;0;false;;773
8683;Hassing;0;false;;787
8684;Villerslev;0;false;;787
8685;Visby;0;false;;787
8686;Heltborg;0;false;;787
8689;Hvidbjerg Vesten Å;0;false;;787
8690;Ørum;0;false;;787
8691;Lodbjerg;0;false;;787
8694;Elsø;0;false;;773
8695;Frøslev;0;false;;773
8696;Mollerup;0;false;;773
8697;Tæbring;0;false;;773
8698;Ovtrup;0;false;;773
8699;Rakkeby;0;false;;773
8700;Karby;0;false;;773
8701;Redsted;0;false;;773
8702;Hvidbjerg;0;false;;773
8703;Vejerslev;0;false;;773
8704;Blidstrup;0;false;;773
8705;Ljørslev;0;false;;773
8706;Ørding;0;false;;773
8707;Øster Assels;0;false;;773
8708;Vester Assels;0;false;;773
8710;Hjortdal;0;false;;849
8711;Klim;0;false;;849
8712;Vester Torup;0;false;;849
8713;Vust;0;false;;849
8714;Tømmerby;0;false;;787
8715;Lild;0;false;;787
8716;Kettrup;0;false;;849
8717;Gøttrup;0;false;;849
8718;Øsløs;0;false;;787
8719;Vesløs;0;false;;787
8720;Arup;0;false;;787
8723;Skinnerup;0;false;;787
8724;Sjørring;0;false;;787
8725;Thorsted;0;false;;787
8726;Skjoldborg;0;false;;787
8727;Kallerup;0;false;;787
8729;Jannerup;0;false;;787
8730;Vang;0;false;;787
8731;Ræhr;0;false;;787
8732;Hansted;0;false;;787
8733;Vigsø;0;false;;787
8734;Nors;0;false;;787
8735;Tved;0;false;;787
8736;Vester Vandet;0;false;;787
8737;Øster Vandet;0;false;;787
8738;Skovlund;0;false;;573
8739;Husby;0;false;;661
8740;Sønder Nissum;0;false;;661
8742;Ulfborg;0;false;;661
8745;Nørre Felding;0;false;;661
8746;Tvis;0;false;;661
8747;Vinding;0;false;;657
8748;Vind;0;false;;657
8750;Rindum;0;false;;760
8751;Velling;0;false;;760
8752;Hee;0;false;;760
8754;Nørre Omme;0;false;;657
8755;Brejning;0;false;;760
8756;Torsted;0;false;;760
8757;Hover;0;false;;760
8758;Stadil;0;false;;760
8759;Tim;0;false;;760
8760;Madum;0;false;;661
8761;Vedersø;0;false;;760
8766;Vorgod;0;false;;760
8767;Nørre Vium;0;false;;760
8768;Herborg;0;false;;760
8770;Sønder Lem;0;false;;760
8771;Ølstrup;0;false;;760
8772;Dejbjerg;0;false;;760
8773;Hanning;0;false;;760
8774;Stauning;0;false;;760
8776;Sædding;0;false;;760
8779;Sønder Bork;0;false;;760
8780;Nørre Bork;0;false;;760
8781;Hemmet;0;false;;760
8782;Sønder Vium;0;false;;760
8783;Lønborg;0;false;;760
8784;Egvad;0;false;;760
8785;Ådum;0;false;;760
8786;Hoven;0;false;;760
8787;Strellev;0;false;;573
8788;Lyne;0;false;;760
8792;Aulum;0;false;;657
8793;Hodsager;0;false;;657
8795;Nøvling;0;false;;657
8796;Timring;0;false;;657
8800;Sunds;0;false;;657
8801;Ilskov;0;false;;657
8807;Haunstrup;0;false;;657
8808;Sønder Felding;0;false;;657
8809;Assing;0;false;;657
8812;Bording;0;false;;756
8814;Måbjerg;0;false;;661
8818;Vejrum;0;false;;671
8820;Hjerm;0;false;;671
8821;Borbjerg;0;false;;661
8822;Ølby;0;false;;671
8823;Asp;0;false;;671
8824;Fousing;0;false;;671
8825;Naur;0;false;;661
8826;Sir;0;false;;661
8827;Gørding;0;false;;661
8828;Vemb;0;false;;661
8829;Bur;0;false;;661
8833;Ejsing;0;false;;661
8834;Ryde;0;false;;661
8835;Handbjerg;0;false;;661
8836;Sevel;0;false;;661
8837;Haderup;0;false;;657
8838;Grove;0;false;;657
8839;Simmelkær;0;false;;657
8842;Nørre Nissum;0;false;;665
8843;Tørring;0;false;;665
8844;Heldum;0;false;;665
8847;Bøvling;0;false;;665
8848;Flynder;0;false;;665
8849;Møborg;0;false;;665
8850;Nees;0;false;;665
8851;Gudum;0;false;;665
8852;Fabjerg;0;false;;665
8853;Resen;0;false;;671
8854;Humlum;0;false;;671
8855;Venø;0;false;;671
8856;Harboøre;0;false;;665
8857;Engbjerg;0;false;;665
8858;Thyborøn;0;false;;665
8859;Hygum;0;false;;665
8860;Hove;0;false;;665
8861;Vandborg;0;false;;665
8862;Ferring;0;false;;665
8863;Dybe;0;false;;665
8864;Ramme;0;false;;665
8865;Fjaltring;0;false;;665
8866;Trans;0;false;;665
8867;Thorstrup;0;false;;573
8868;Horne;0;false;;573
8869;Hodde;0;false;;573
8874;Janderup;0;false;;573
8875;Billum;0;false;;573
8876;Lunde;0;false;;573
8878;Kvong;0;false;;573
8879;Nørre Nebel;0;false;;573
8880;Lydum;0;false;;573
8881;Henne;0;false;;573
8882;Lønne;0;false;;573
8887;Seem;0;false;;561
8888;Sankt Katharine;0;false;;561
8889;Obbekær;0;false;;561
8891;Kalvslund;0;false;;561
8894;Mandø;0;false;;561
8896;Vejrup;0;false;;561
8901;Vilslev;0;false;;561
8902;Hunderup;0;false;;561
8903;Jernved;0;false;;561
8910;Øse;0;false;;573
8911;Næsbjerg;0;false;;573
8913;Vester Nykirke;0;false;;561
8914;Fåborg;0;false;;573
8915;Årre;0;false;;573
8916;Sneum;0;false;;561
8921;Hostrup;0;false;;561
8925;Lindknud;0;false;;575
8928;Føvling;0;false;;575
8929;Malt;0;false;;575
8932;Læborg;0;false;;575
8933;Veerst;0;false;;575
8934;Bække;0;false;;575
8935;Lejrskov;0;false;;621
8936;Jordrup;0;false;;621
8937;Andst;0;false;;575
8939;Skanderup;0;false;;621
8941;Hjarup;0;false;;621
8946;Gram;0;false;;510
8947;Lintrup;0;false;;575
8948;Hjerting;0;false;;575
8950;Skrave;0;false;;575
8951;Sønder Hygum;0;false;;575
8952;Fole;0;false;;510
8953;Øster Lindet;0;false;;575
8954;Nustrup;0;false;;510
8956;Agerskov;0;false;;550
8957;Bevtoft;0;false;;510
8958;Tirslund;0;false;;550
8959;Branderup;0;false;;550
8962;Gammel Haderslev;0;false;;510
8963;Åstrup;0;false;;510
8964;Halk;0;false;;510
8966;Moltrup;0;false;;510
8967;Bjerning;0;false;;510
8970;Grarup;0;false;;510
8971;Vilstrup;0;false;;510
8972;Vonsbæk;0;false;;510
8973;Hammelev;0;false;;510
8974;Maugstrup;0;false;;510
8976;Jegerup;0;false;;510
8977;Jels;0;false;;575
8978;Oksenvad;0;false;;510
8979;Sommersted;0;false;;510
8980;Vedsted;0;false;;510
8981;Aller;0;false;;510
8982;Fjelstrup;0;false;;510
8983;Stepping;0;false;;621
8984;Frørup;0;false;;621
8985;Tyrstrup;0;false;;621
8986;Hjerndrup;0;false;;510
8987;Skodborg;0;false;;575
8991;Ketting;0;false;;540
8993;Notmark;0;false;;540
8994;Asserballe;0;false;;540
8995;Tandslet;0;false;;540
8996;Hørup;0;false;;540
8998;Kegnæs;0;false;;540
8999;Nordborg;0;false;;540
9000;Svenstrup;0;false;;540
9001;Havnbjerg;0;false;;540
9002;Oksbøl;0;false;;540
9005;Egernsund;0;false;;540
9007;Nybøl;0;false;;540
9008;Sottrup;0;false;;540
9009;Ullerup;0;false;;540
9011;Hjordkær;0;false;;580
9012;Løjt;0;false;;580
9014;Rise;0;false;;580
9016;Bedsted;0;false;;550
9017;Hellevad;0;false;;580
9018;Egvad;0;false;;580
9019;Gråsten;0;false;;540
9021;Varnæs;0;false;;580
9023;Felsted;0;false;;540
9024;Holbøl;0;false;;580
9025;Rinkenæs;0;false;;540
9026;Uge;0;false;;580
9027;Kliplev;0;false;;580
9028;Kværs;0;false;;540
9029;Bov;0;false;;580
9030;Hviding;0;false;;561
9031;Rejsby;0;false;;550
9032;Brøns;0;false;;550
9033;Vodder;0;false;;550
9034;Roager;0;false;;561
9035;Spandet;0;false;;561
9036;Arrild;0;false;;550
9037;Højrup;0;false;;510
9038;Skærbæk;0;false;;550
9040;Ubjerg;0;false;;550
9042;Visby;0;false;;550
9043;Daler;0;false;;550
9046;Nørre Løgum;0;false;;550
9047;Brede;0;false;;550
9048;Døstrup;0;false;;550
9049;Mjolden;0;false;;550
9050;Randerup;0;false;;550
9052;Emmerlev;0;false;;550
9053;Hjerpsted;0;false;;550
9054;Ballum;0;false;;550
9055;Sønder Skast;0;false;;550
9056;Burkal;0;false;;550
9057;Bylderup;0;false;;580
9059;Hostrup;0;false;;550
9060;Ravsted;0;false;;580
9062;Rømø;0;false;;550
9063;Lendum;0;false;;860
9065;Stenild;0;false;;840
9066;Nyvangs;0;false;;326
9075;Årup;0;false;;420
9079;Vestervang;0;false;;791
9082;Rødbyhavn;0;false;;360
9095;Svingelbjerg;0;false;;820
9102;Ulstrupbro;0;false;;710
9109;Stensby;0;false;;390
9112;Juelsminde;0;false;;766
9114;Stenderup;0;false;;530
9116;Simon Peters;0;false;;621
9118;Broholm;0;false;;420
9120;Kollund;0;false;;657
9121;Gjesing;0;false;;561
9122;Tarm;0;false;;760
9123;Isenvad;0;false;;756
9124;Troldhede;0;false;;760
9125;Ilderhede;0;false;;657
9126;Søndermark;0;false;;791
9127;Klitmøller;0;false;;787
9129;Vorupør;0;false;;787
9137;Askov;0;false;;575
9138;Hjerting;0;false;;561
9150;Langeslund;0;false;;849
9153;Agerbæk;0;false;;573
9156;Agersted;0;false;;810
9159;Stenvad;0;false;;707
9167;Ørnhøj;0;false;;657
9172;Hvide Sande;0;false;;760
9176;Hjembæk-Svinninge;0;false;;316
9179;Skamstrup-Frydendal;0;false;;316
9189;Stigs Bjergby-Mørkøv;0;false;;316
9193;Nimtofte-Tøstrup;0;false;;706
9194;Utterslev-Herredskirke-Løjtofte;0;false;;360
9198;Bedsted-Grurup;0;false;;787
9199;Estvad-Rønbjerg;0;false;;779
9201;Feldborg;0;false;;657
9203;Trandum;0;false;;661
9204;Herrup;0;false;;661
9205;Tiphede;0;false;;657
9207;Hogager;0;false;;661
9208;Hjerm Østre;0;false;;671
9209;Fasterholt;0;false;;657
9210;Karstoft;0;false;;657
9211;Faurholt;0;false;;756
9212;Christianshede;0;false;;756
9214;Bjerring;0;false;;791
9215;Hjermind;0;false;;791
9220;Mylund;0;false;;810
9223;Melholt;0;false;;810
9224;Dorf;0;false;;810
9228;Hulsig;0;false;;813
9229;Sørig;0;false;;860
9231;Kvissel;0;false;;813
9234;Koldmose;0;false;;849
9235;Stenbjerg;0;false;;787
9236;Agerø;0;false;;773
9238;Sørup;0;false;;840
9240;Gurre;0;false;;217
9242;Skoven;0;false;;250
9243;Villingerød;0;false;;270
9244;Reersø;0;false;;326
9246;Lumsås;0;false;;306
9247;Svinø;0;false;;390
9248;Langø;0;false;;360
9249;Gedser;0;false;;376
9250;Nøbbet;0;false;;360
9251;Padesø;0;false;;410
9252;Stige;0;false;;461
9254;Bagenkop;0;false;;482
9255;Røjleskov;0;false;;410
9256;Tårup;0;false;;450
9257;Hjulby;0;false;;450
9258;Lundeborg;0;false;;479
9259;Adsbøl;0;false;;540
9260;Genner;0;false;;580
9262;Klejs;0;false;;766
9264;Stenderup;0;false;;575
9265;Urup;0;false;;530
9266;Nollund;0;false;;530
9267;Vesterhede;0;false;;530
9268;Sankt Peders;0;false;;575
9269;Hovborg;0;false;;575
9270;Skjoldbjerg;0;false;;530
9273;Rousthøje;0;false;;573
9276;Finderup;0;false;;760
9277;Fjelstervang;0;false;;760
9278;Haurvig;0;false;;760
9279;Lyngvig;0;false;;760
9280;Lem;0;false;;760
9281;Skærlund;0;false;;756
9284;Vorslunde;0;false;;630
9286;Vonge;0;false;;630
9289;Hampen;0;false;;756
9314;Lomborg-Rom;0;false;;665
9315;Bregninge-Bjergsted-Alleshave;0;false;;326
9317;Idom-Råsted;0;false;;661
9318;Nordvestfalster;0;false;;376
9319;Nysted-Vantore;0;false;;376
9320;Helligsø-Gettrup;0;false;;787
9321;Købelev-Vindeby;0;false;;360
9322;Haraldsted-Allindemagle;0;false;;329